"title","link","date","ep.num","available"
"New Beginnings","https://www.thisamericanlife.org/radio-archives/episode/1/transcript","11.17.1995",1,TRUE
"Small Scale Sin","https://www.thisamericanlife.org/radio-archives/episode/2/transcript","11.24.1995",2,TRUE
"Poultry Slam 1995","https://www.thisamericanlife.org/radio-archives/episode/3/transcript","12.01.1995",3,TRUE
"Vacations","https://www.thisamericanlife.org/radio-archives/episode/4/transcript","12.08.1995",4,TRUE
"Anger and Forgiveness","https://www.thisamericanlife.org/radio-archives/episode/5/transcript","12.15.1995",5,TRUE
"Christmas","https://www.thisamericanlife.org/radio-archives/episode/6/transcript","12.22.1995",6,TRUE
"Quitting","https://www.thisamericanlife.org/radio-archives/episode/7/transcript","12.29.1995",7,TRUE
"New Year","https://www.thisamericanlife.org/radio-archives/episode/8/transcript","01.03.1996",8,TRUE
"Julia Sweeney","https://www.thisamericanlife.org/radio-archives/episode/9/transcript","01.10.1996",9,TRUE
"Double Lives","https://www.thisamericanlife.org/radio-archives/episode/10/transcript","01.17.1996",10,TRUE
"Enemies","https://www.thisamericanlife.org/radio-archives/episode/11/transcript","01.24.1996",11,TRUE
"Animals","https://www.thisamericanlife.org/radio-archives/episode/12/transcript","01.31.1996",12,TRUE
"Love","https://www.thisamericanlife.org/radio-archives/episode/13/transcript","02.07.1996",13,TRUE
"Accidental Documentaries","https://www.thisamericanlife.org/radio-archives/episode/14/transcript","02.21.1996",14,TRUE
"Dawn","https://www.thisamericanlife.org/radio-archives/episode/15/transcript","02.28.1996",15,TRUE
"Economy","https://www.thisamericanlife.org/radio-archives/episode/16/transcript","03.14.1996",16,TRUE
"Name Change / No Theme","https://www.thisamericanlife.org/radio-archives/episode/17/transcript","03.21.1996",17,TRUE
"Liars","https://www.thisamericanlife.org/radio-archives/episode/18/transcript","03.28.1996",18,TRUE
"Rich Guys","https://www.thisamericanlife.org/radio-archives/episode/19/transcript","04.12.1996",19,TRUE
"From A Distance","https://www.thisamericanlife.org/radio-archives/episode/20/transcript","04.19.1996",20,TRUE
"Factions","https://www.thisamericanlife.org/radio-archives/episode/21/transcript","04.26.1996",21,TRUE
"Adult Children","https://www.thisamericanlife.org/radio-archives/episode/22/transcript","05.03.1996",22,TRUE
"Drama Bug","https://www.thisamericanlife.org/radio-archives/episode/23/transcript","05.10.1996",23,TRUE
"Teenaged Girls","https://www.thisamericanlife.org/radio-archives/episode/24/transcript","05.24.1996",24,TRUE
"Basketball","https://www.thisamericanlife.org/radio-archives/episode/25/transcript","06.07.1996",25,TRUE
"Father&#039;s Day &#039;96","https://www.thisamericanlife.org/radio-archives/episode/26/transcript","06.14.1996",26,TRUE
"The Cruelty of Children","https://www.thisamericanlife.org/radio-archives/episode/27/transcript","06.21.1996",27,TRUE
"Detectives","https://www.thisamericanlife.org/radio-archives/episode/28/transcript","07.12.1996",28,TRUE
"Bob Dole","https://www.thisamericanlife.org/radio-archives/episode/29/transcript","07.19.1996",29,TRUE
"Obsession","https://www.thisamericanlife.org/radio-archives/episode/30/transcript","07.26.1996",30,TRUE
"When You Talk About Music","https://www.thisamericanlife.org/radio-archives/episode/31/transcript","08.09.1996",31,TRUE
"Republican Convention","https://www.thisamericanlife.org/radio-archives/episode/32/transcript","08.16.1996",32,TRUE
"A Night at the Wiener Circle","https://www.thisamericanlife.org/radio-archives/episode/33/transcript","08.23.1996",33,TRUE
"Democratic Convention","https://www.thisamericanlife.org/radio-archives/episode/34/transcript","08.30.1996",34,TRUE
"Fall Clearance Sale","https://www.thisamericanlife.org/radio-archives/episode/35/transcript","09.06.1996",35,TRUE
"Letters","https://www.thisamericanlife.org/radio-archives/episode/36/transcript","09.20.1996",36,TRUE
"The Job That Takes Over Your Life","https://www.thisamericanlife.org/radio-archives/episode/37/transcript","09.27.1996",37,TRUE
"Simulated Worlds","https://www.thisamericanlife.org/radio-archives/episode/38/transcript","10.11.1996",38,TRUE
"Halloween","https://www.thisamericanlife.org/radio-archives/episode/39/transcript","10.25.1996",39,TRUE
"Lessons","https://www.thisamericanlife.org/radio-archives/episode/40/transcript","11.01.1996",40,TRUE
"Politics","https://www.thisamericanlife.org/radio-archives/episode/41/transcript","11.08.1996",41,TRUE
"Get Over It!","https://www.thisamericanlife.org/radio-archives/episode/42/transcript","11.15.1996",42,TRUE
"Faustian Bargains","https://www.thisamericanlife.org/radio-archives/episode/43/transcript","11.22.1996",43,TRUE
"Poultry Slam 1996","https://www.thisamericanlife.org/radio-archives/episode/44/transcript","11.29.1996",44,TRUE
"Media Fringe","https://www.thisamericanlife.org/radio-archives/episode/45/transcript","12.06.1996",45,TRUE
"Sissies","https://www.thisamericanlife.org/radio-archives/episode/46/transcript","12.13.1996",46,TRUE
"Christmas and Commerce","https://www.thisamericanlife.org/radio-archives/episode/47/transcript","12.20.1996",47,TRUE
"Justice","https://www.thisamericanlife.org/radio-archives/episode/48/transcript","01.03.1997",48,TRUE
"Animals","https://www.thisamericanlife.org/radio-archives/episode/49/transcript","01.10.1997",49,TRUE
"Shoulda Been Dead","https://www.thisamericanlife.org/radio-archives/episode/50/transcript","01.17.1997",50,TRUE
"Animals Die, People Ponder","https://www.thisamericanlife.org/radio-archives/episode/51/transcript","01.24.1997",51,TRUE
"Edge of Sanity","https://www.thisamericanlife.org/radio-archives/episode/52/transcript","01.31.1997",52,TRUE
"Valentine&#039;s Day &#039;97","https://www.thisamericanlife.org/radio-archives/episode/53/transcript","02.07.1997",53,TRUE
"Sinatra","https://www.thisamericanlife.org/radio-archives/episode/54/transcript","02.21.1997",54,TRUE
"Three Women and the Sex Industry","https://www.thisamericanlife.org/radio-archives/episode/55/transcript","02.28.1997",55,TRUE
"Name Change","https://www.thisamericanlife.org/radio-archives/episode/56/transcript","03.07.1997",56,TRUE
"Delivery","https://www.thisamericanlife.org/radio-archives/episode/57/transcript","03.14.1997",57,TRUE
"Small Towns","https://www.thisamericanlife.org/radio-archives/episode/58/transcript","04.04.1997",58,TRUE
"Fire","https://www.thisamericanlife.org/radio-archives/episode/59/transcript","04.11.1997",59,TRUE
"Business of Death","https://www.thisamericanlife.org/radio-archives/episode/60/transcript","04.18.1997",60,TRUE
"Fiasco!","https://www.thisamericanlife.org/radio-archives/episode/61/transcript","04.25.1997",61,TRUE
"Something for Nothing","https://www.thisamericanlife.org/radio-archives/episode/62/transcript","05.02.1997",62,TRUE
"One Thing","https://www.thisamericanlife.org/radio-archives/episode/63/transcript","05.09.1997",63,TRUE
"Summer","https://www.thisamericanlife.org/radio-archives/episode/64/transcript","05.23.1997",64,TRUE
"Who&#039;s Canadian?","https://www.thisamericanlife.org/radio-archives/episode/65/transcript","05.30.1997",65,TRUE
"Tales from the Net","https://www.thisamericanlife.org/radio-archives/episode/66/transcript","06.06.1997",66,TRUE
"Your Dream, My Nightmare","https://www.thisamericanlife.org/radio-archives/episode/67/transcript","06.27.1997",67,TRUE
"Lincoln&#039;s Second Inaugural","https://www.thisamericanlife.org/radio-archives/episode/68/transcript","07.04.1997",68,TRUE
"Dream House","https://www.thisamericanlife.org/radio-archives/episode/69/transcript","07.18.1997",69,TRUE
"Other People&#039;s Mail","https://www.thisamericanlife.org/radio-archives/episode/70/transcript","07.25.1997",70,TRUE
"Defying Sickness","https://www.thisamericanlife.org/radio-archives/episode/71/transcript","08.01.1997",71,TRUE
"Trek","https://www.thisamericanlife.org/radio-archives/episode/72/transcript","08.08.1997",72,TRUE
"Blame It on Art","https://www.thisamericanlife.org/radio-archives/episode/73/transcript","08.22.1997",73,TRUE
"Conventions","https://www.thisamericanlife.org/radio-archives/episode/74/transcript","08.29.1997",74,TRUE
"Kindness of Strangers","https://www.thisamericanlife.org/radio-archives/episode/75/transcript","09.12.1997",75,TRUE
"Mob","https://www.thisamericanlife.org/radio-archives/episode/76/transcript","09.19.1997",76,TRUE
"Pray","https://www.thisamericanlife.org/radio-archives/episode/77/transcript","09.26.1997",77,TRUE
"How Bad Is Bad?","https://www.thisamericanlife.org/radio-archives/episode/78/transcript","10.03.1997",78,TRUE
"Stuck in the Wrong Decade","https://www.thisamericanlife.org/radio-archives/episode/79/transcript","10.10.1997",79,TRUE
"Running After Antelope","https://www.thisamericanlife.org/radio-archives/episode/80/transcript","10.17.1997",80,TRUE
"Guns","https://www.thisamericanlife.org/radio-archives/episode/81/transcript","10.24.1997",81,TRUE
"Haunted","https://www.thisamericanlife.org/radio-archives/episode/82/transcript","10.31.1997",82,TRUE
"One of Us","https://www.thisamericanlife.org/radio-archives/episode/83/transcript","11.14.1997",83,TRUE
"Harold","https://www.thisamericanlife.org/radio-archives/episode/84/transcript","11.21.1997",84,TRUE
"Poultry Slam 1997","https://www.thisamericanlife.org/radio-archives/episode/85/transcript","12.05.1997",85,TRUE
"How to Take Money from Strangers","https://www.thisamericanlife.org/radio-archives/episode/86/transcript","12.12.1997",86,TRUE
"A Very Special Sedaris Christmas","https://www.thisamericanlife.org/radio-archives/episode/87/transcript","12.19.1997",87,TRUE
"Numbers","https://www.thisamericanlife.org/radio-archives/episode/88/transcript","01.02.1998",88,TRUE
"Sibling Rivalry","https://www.thisamericanlife.org/radio-archives/episode/89/transcript","01.09.1998",89,TRUE
"Telephone","https://www.thisamericanlife.org/radio-archives/episode/90/transcript","01.16.1998",90,TRUE
"Escape the Box","https://www.thisamericanlife.org/radio-archives/episode/91/transcript","01.30.1998",91,TRUE
"Leave the Mask On","https://www.thisamericanlife.org/radio-archives/episode/92/transcript","02.06.1998",92,TRUE
"Valentine&#039;s Day &#039;98","https://www.thisamericanlife.org/radio-archives/episode/93/transcript","02.13.1998",93,TRUE
"How To","https://www.thisamericanlife.org/radio-archives/episode/94/transcript","02.27.1998",94,TRUE
"Monogamy","https://www.thisamericanlife.org/radio-archives/episode/95/transcript","03.06.1998",95,TRUE
"Pinned by History","https://www.thisamericanlife.org/radio-archives/episode/96/transcript","03.13.1998",96,TRUE
"Death to Wacky","https://www.thisamericanlife.org/radio-archives/episode/97/transcript","03.20.1998",97,TRUE
"Throwing the First Punch","https://www.thisamericanlife.org/radio-archives/episode/98/transcript","03.27.1998",98,TRUE
"I Enjoy Being A Girl, Sort Of","https://www.thisamericanlife.org/radio-archives/episode/99/transcript","04.10.1998",99,TRUE
"Radio","https://www.thisamericanlife.org/radio-archives/episode/100/transcript","04.24.1998",100,TRUE
"Niagara","https://www.thisamericanlife.org/radio-archives/episode/101/transcript","05.01.1998",101,TRUE
"Road Trip!","https://www.thisamericanlife.org/radio-archives/episode/102/transcript","05.22.1998",102,TRUE
"Scenes from A Transplant","https://www.thisamericanlife.org/radio-archives/episode/103/transcript","05.29.1998",103,TRUE
"Music Lessons","https://www.thisamericanlife.org/radio-archives/episode/104/transcript","06.05.1998",104,TRUE
"Take A Negro Home","https://www.thisamericanlife.org/radio-archives/episode/105/transcript","06.12.1998",105,TRUE
"Father&#039;s Day &#039;98","https://www.thisamericanlife.org/radio-archives/episode/106/transcript","06.19.1998",106,TRUE
"Trail of Tears","https://www.thisamericanlife.org/radio-archives/episode/107/transcript","07.03.1998",107,TRUE
"Truth and Lies at Age Ten","https://www.thisamericanlife.org/radio-archives/episode/108/transcript","08.07.1998",108,TRUE
"Notes on Camp","https://www.thisamericanlife.org/radio-archives/episode/109/transcript","08.28.1998",109,TRUE
"Mapping","https://www.thisamericanlife.org/radio-archives/episode/110/transcript","09.04.1998",110,TRUE
"Adventures in the Simple Life","https://www.thisamericanlife.org/radio-archives/episode/111/transcript","09.11.1998",111,TRUE
"Ladies and Germs","https://www.thisamericanlife.org/radio-archives/episode/112/transcript","10.02.1998",112,TRUE
"Windfall","https://www.thisamericanlife.org/radio-archives/episode/113/transcript","10.16.1998",113,TRUE
"Last Words","https://www.thisamericanlife.org/radio-archives/episode/114/transcript","10.23.1998",114,TRUE
"First Day","https://www.thisamericanlife.org/radio-archives/episode/115/transcript","11.13.1998",115,TRUE
"Poultry Slam 1998","https://www.thisamericanlife.org/radio-archives/episode/116/transcript","11.27.1998",116,TRUE
"You Gonna Eat That?","https://www.thisamericanlife.org/radio-archives/episode/117/transcript","12.11.1998",117,TRUE
"What You Lookin&#039; At?","https://www.thisamericanlife.org/radio-archives/episode/118/transcript","12.18.1998",118,TRUE
"Lockup","https://www.thisamericanlife.org/radio-archives/episode/119/transcript","01.08.1999",119,TRUE
"Be Careful Who You Pretend to Be","https://www.thisamericanlife.org/radio-archives/episode/120/transcript","01.22.1999",120,TRUE
"Twentieth Century Man","https://www.thisamericanlife.org/radio-archives/episode/121/transcript","01.29.1999",121,TRUE
"Valentine&#039;s Day &#039;99","https://www.thisamericanlife.org/radio-archives/episode/122/transcript","02.12.1999",122,TRUE
"High Cost of Living","https://www.thisamericanlife.org/radio-archives/episode/123/transcript","02.26.1999",123,TRUE
"Welcome to America","https://www.thisamericanlife.org/radio-archives/episode/124/transcript","03.19.1999",124,TRUE
"Apocalypse","https://www.thisamericanlife.org/radio-archives/episode/125/transcript","04.02.1999",125,TRUE
"Do-Gooders","https://www.thisamericanlife.org/radio-archives/episode/126/transcript","04.09.1999",126,TRUE
"Pimp Anthropology","https://www.thisamericanlife.org/radio-archives/episode/127/transcript","04.16.1999",127,TRUE
"Four Corners","https://www.thisamericanlife.org/radio-archives/episode/128/transcript","04.30.1999",128,TRUE
"Advice","https://www.thisamericanlife.org/radio-archives/episode/129/transcript","05.14.1999",129,TRUE
"Away From Home","https://www.thisamericanlife.org/radio-archives/episode/130/transcript","05.21.1999",130,TRUE
"The Kids Are Alright","https://www.thisamericanlife.org/radio-archives/episode/131/transcript","06.04.1999",131,TRUE
"Father&#039;s Day &#039;99","https://www.thisamericanlife.org/radio-archives/episode/132/transcript","06.18.1999",132,TRUE
"Sales","https://www.thisamericanlife.org/radio-archives/episode/133/transcript","06.25.1999",133,TRUE
"We Didn&#039;t","https://www.thisamericanlife.org/radio-archives/episode/134/transcript","07.09.1999",134,TRUE
"Allure of Crime","https://www.thisamericanlife.org/radio-archives/episode/135/transcript","07.23.1999",135,TRUE
"You Are Here","https://www.thisamericanlife.org/radio-archives/episode/136/transcript","08.06.1999",136,TRUE
"The Book That Changed Your Life","https://www.thisamericanlife.org/radio-archives/episode/137/transcript","08.20.1999",137,TRUE
"The Real Thing","https://www.thisamericanlife.org/radio-archives/episode/138/transcript","08.27.1999",138,TRUE
"Ghosts of Elections Past","https://www.thisamericanlife.org/radio-archives/episode/139/transcript","09.03.1999",139,TRUE
"Family Business","https://www.thisamericanlife.org/radio-archives/episode/140/transcript","09.24.1999",140,TRUE
"Invisible Worlds","https://www.thisamericanlife.org/radio-archives/episode/141/transcript","10.01.1999",141,TRUE
"Barbara","https://www.thisamericanlife.org/radio-archives/episode/142/transcript","10.15.1999",142,TRUE
"Sentencing","https://www.thisamericanlife.org/radio-archives/episode/143/transcript","10.22.1999",143,TRUE
"Where Words Fail","https://www.thisamericanlife.org/radio-archives/episode/144/transcript","11.05.1999",144,TRUE
"Poultry Slam 1999","https://www.thisamericanlife.org/radio-archives/episode/145/transcript","11.26.1999",145,TRUE
"Urban Nature","https://www.thisamericanlife.org/radio-archives/episode/146/transcript","12.10.1999",146,TRUE
"A Teenager&#039;s Guide to God","https://www.thisamericanlife.org/radio-archives/episode/147/transcript","12.17.1999",147,TRUE
"The Angels Wanna Wear My Red Suit","https://www.thisamericanlife.org/radio-archives/episode/148/transcript","12.24.1999",148,TRUE
"Bedside Diplomacy","https://www.thisamericanlife.org/radio-archives/episode/149/transcript","01.14.2000",149,TRUE
"Kids As Adults","https://www.thisamericanlife.org/radio-archives/episode/150/transcript","01.21.2000",150,TRUE
"Primary","https://www.thisamericanlife.org/radio-archives/episode/151/transcript","01.28.2000",151,TRUE
"Crush","https://www.thisamericanlife.org/radio-archives/episode/152/transcript","02.11.2000",152,TRUE
"Dolls","https://www.thisamericanlife.org/radio-archives/episode/153/transcript","03.03.2000",153,TRUE
"In Dog We Trust","https://www.thisamericanlife.org/radio-archives/episode/154/transcript","03.10.2000",154,TRUE
"Hoaxing Yourself","https://www.thisamericanlife.org/radio-archives/episode/155/transcript","03.17.2000",155,TRUE
"What Remains","https://www.thisamericanlife.org/radio-archives/episode/156/transcript","03.31.2000",156,TRUE
"Secret Life of Daytime","https://www.thisamericanlife.org/radio-archives/episode/157/transcript","04.14.2000",157,TRUE
"Mob Mentality","https://www.thisamericanlife.org/radio-archives/episode/158/transcript","05.05.2000",158,TRUE
"Mother&#039;s Day","https://www.thisamericanlife.org/radio-archives/episode/159/transcript","05.12.2000",159,TRUE
"Character Assassination","https://www.thisamericanlife.org/radio-archives/episode/160/transcript","05.19.2000",160,TRUE
"Million Bubbles","https://www.thisamericanlife.org/radio-archives/episode/161/transcript","06.02.2000",161,TRUE
"Moving","https://www.thisamericanlife.org/radio-archives/episode/162/transcript","06.23.2000",162,TRUE
"Can You Fight City Hall…If You Are City Hall?","https://www.thisamericanlife.org/radio-archives/episode/163/transcript","06.30.2000",163,TRUE
"Crime Scene","https://www.thisamericanlife.org/radio-archives/episode/164/transcript","07.07.2000",164,TRUE
"Americans In Paris","https://www.thisamericanlife.org/radio-archives/episode/165/transcript","07.28.2000",165,TRUE
"Nobody&#039;s Family Is Going to Change","https://www.thisamericanlife.org/radio-archives/episode/166/transcript","08.11.2000",166,TRUE
"Memo to the People of the Future","https://www.thisamericanlife.org/radio-archives/episode/167/transcript","09.08.2000",167,TRUE
"The Fix Is In","https://www.thisamericanlife.org/radio-archives/episode/168/transcript","09.15.2000",168,TRUE
"Pursuit of Happiness","https://www.thisamericanlife.org/radio-archives/episode/169/transcript","09.29.2000",169,TRUE
"Immigration","https://www.thisamericanlife.org/radio-archives/episode/170/transcript","10.13.2000",170,TRUE
"Election","https://www.thisamericanlife.org/radio-archives/episode/171/transcript","11.03.2000",171,TRUE
"24 Hours at the Golden Apple","https://www.thisamericanlife.org/radio-archives/episode/172/transcript","11.17.2000",172,TRUE
"Three Kinds of Deception","https://www.thisamericanlife.org/radio-archives/episode/173/transcript","12.15.2000",173,TRUE
"Birthdays, Anniversaries, and Milestones","https://www.thisamericanlife.org/radio-archives/episode/174/transcript","12.29.2000",174,TRUE
"Babysitting","https://www.thisamericanlife.org/radio-archives/episode/175/transcript","01.05.2001",175,TRUE
"Two Nations, One President","https://www.thisamericanlife.org/radio-archives/episode/176/transcript","01.26.2001",176,TRUE
"American Limbo","https://www.thisamericanlife.org/radio-archives/episode/177/transcript","02.09.2001",177,TRUE
"Superpowers","https://www.thisamericanlife.org/radio-archives/episode/178/transcript","02.23.2001",178,TRUE
"Cicero","https://www.thisamericanlife.org/radio-archives/episode/179/transcript","03.16.2001",179,TRUE
"Return to Childhood","https://www.thisamericanlife.org/radio-archives/episode/180/transcript","03.23.2001",180,TRUE
"The Friendly Man","https://www.thisamericanlife.org/radio-archives/episode/181/transcript","04.06.2001",181,TRUE
"Cringe","https://www.thisamericanlife.org/radio-archives/episode/182/transcript","04.13.2001",182,TRUE
"The Missing Parents Bureau","https://www.thisamericanlife.org/radio-archives/episode/183/transcript","04.20.2001",183,TRUE
"Neighbors","https://www.thisamericanlife.org/radio-archives/episode/184/transcript","05.11.2001",184,TRUE
"Golden Calf","https://www.thisamericanlife.org/radio-archives/episode/185/transcript","05.25.2001",185,TRUE
"Prom","https://www.thisamericanlife.org/radio-archives/episode/186/transcript","06.08.2001",186,TRUE
"Father&#039;s Day &#039;01","https://www.thisamericanlife.org/radio-archives/episode/187/transcript","06.15.2001",187,TRUE
"Kid Logic","https://www.thisamericanlife.org/radio-archives/episode/188/transcript","06.22.2001",188,TRUE
"Hitler&#039;s Yacht","https://www.thisamericanlife.org/radio-archives/episode/189/transcript","07.13.2001",189,TRUE
"Living the Dream","https://www.thisamericanlife.org/radio-archives/episode/190/transcript","08.03.2001",190,TRUE
"I Know What You Did This Summer","https://www.thisamericanlife.org/radio-archives/episode/191/transcript","08.17.2001",191,TRUE
"Meet the Pros","https://www.thisamericanlife.org/radio-archives/episode/192/transcript","08.31.2001",192,TRUE
"Stories of Loss","https://www.thisamericanlife.org/radio-archives/episode/193/transcript","09.14.2001",193,TRUE
"Before and After","https://www.thisamericanlife.org/radio-archives/episode/194/transcript","09.21.2001",194,TRUE
"War Stories","https://www.thisamericanlife.org/radio-archives/episode/195/transcript","09.28.2001",195,TRUE
"Rashomon","https://www.thisamericanlife.org/radio-archives/episode/196/transcript","10.05.2001",196,TRUE
"Before It Had A Name","https://www.thisamericanlife.org/radio-archives/episode/197/transcript","10.26.2001",197,TRUE
"How to Win Friends and Influence People","https://www.thisamericanlife.org/radio-archives/episode/198/transcript","11.02.2001",198,TRUE
"House on Loon Lake","https://www.thisamericanlife.org/radio-archives/episode/199/transcript","11.16.2001",199,TRUE
"Hearts and Minds","https://www.thisamericanlife.org/radio-archives/episode/200/transcript","11.30.2001",200,TRUE
"Them","https://www.thisamericanlife.org/radio-archives/episode/201/transcript","12.07.2001",201,TRUE
"Faith","https://www.thisamericanlife.org/radio-archives/episode/202/transcript","12.21.2001",202,TRUE
"Recordings for Someone","https://www.thisamericanlife.org/radio-archives/episode/203/transcript","01.11.2002",203,TRUE
"81 Words","https://www.thisamericanlife.org/radio-archives/episode/204/transcript","01.18.2002",204,TRUE
"Plan B","https://www.thisamericanlife.org/radio-archives/episode/205/transcript","02.01.2002",205,TRUE
"Somewhere in the Arabian Sea","https://www.thisamericanlife.org/radio-archives/episode/206/transcript","03.01.2002",206,TRUE
"Special Ed","https://www.thisamericanlife.org/radio-archives/episode/207/transcript","03.08.2002",207,TRUE
"Office Politics","https://www.thisamericanlife.org/radio-archives/episode/208/transcript","03.15.2002",208,TRUE
"Didn&#039;t Ask to Be Born","https://www.thisamericanlife.org/radio-archives/episode/209/transcript","03.29.2002",209,TRUE
"Perfect Evidence","https://www.thisamericanlife.org/radio-archives/episode/210/transcript","04.19.2002",210,TRUE
"Naming Names","https://www.thisamericanlife.org/radio-archives/episode/211/transcript","05.03.2002",211,TRUE
"The Other Man","https://www.thisamericanlife.org/radio-archives/episode/212/transcript","05.10.2002",212,TRUE
"Devil on My Shoulder","https://www.thisamericanlife.org/radio-archives/episode/213/transcript","05.24.2002",213,TRUE
"Family Physics","https://www.thisamericanlife.org/radio-archives/episode/214/transcript","05.31.2002",214,TRUE
"Ask An Expert","https://www.thisamericanlife.org/radio-archives/episode/215/transcript","06.14.2002",215,TRUE
"Give the People What They Want","https://www.thisamericanlife.org/radio-archives/episode/216/transcript","07.12.2002",216,TRUE
"Give It to Them","https://www.thisamericanlife.org/radio-archives/episode/217/transcript","08.02.2002",217,TRUE
"Act V","https://www.thisamericanlife.org/radio-archives/episode/218/transcript","08.09.2002",218,TRUE
"High Speed Chase","https://www.thisamericanlife.org/radio-archives/episode/219/transcript","08.16.2002",219,TRUE
"Testosterone","https://www.thisamericanlife.org/radio-archives/episode/220/transcript","08.30.2002",220,TRUE
"Fake I.D.","https://www.thisamericanlife.org/radio-archives/episode/221/transcript","09.20.2002",221,TRUE
"Suckers","https://www.thisamericanlife.org/radio-archives/episode/222/transcript","09.27.2002",222,TRUE
"Classifieds","https://www.thisamericanlife.org/radio-archives/episode/223/transcript","10.11.2002",223,TRUE
"Middlemen","https://www.thisamericanlife.org/radio-archives/episode/224/transcript","10.25.2002",224,TRUE
"Home Movies","https://www.thisamericanlife.org/radio-archives/episode/225/transcript","11.08.2002",225,TRUE
"Reruns","https://www.thisamericanlife.org/radio-archives/episode/226/transcript","12.06.2002",226,TRUE
"Why We Fight","https://www.thisamericanlife.org/radio-archives/episode/227/transcript","12.20.2002",227,TRUE
"You Are So Beautiful…To Me","https://www.thisamericanlife.org/radio-archives/episode/228/transcript","01.03.2003",228,TRUE
"Secret Government","https://www.thisamericanlife.org/radio-archives/episode/229/transcript","01.10.2003",229,TRUE
"Come Back to Afghanistan","https://www.thisamericanlife.org/radio-archives/episode/230/transcript","01.31.2003",230,TRUE
"Time to Save the World","https://www.thisamericanlife.org/radio-archives/episode/231/transcript","02.07.2003",231,TRUE
"The Real Story","https://www.thisamericanlife.org/radio-archives/episode/232/transcript","02.14.2003",232,TRUE
"Starting from Scratch","https://www.thisamericanlife.org/radio-archives/episode/233/transcript","03.07.2003",233,TRUE
"Say Anything","https://www.thisamericanlife.org/radio-archives/episode/234/transcript","03.14.2003",234,TRUE
"The Balloon Goes Up","https://www.thisamericanlife.org/radio-archives/episode/235/transcript","03.21.2003",235,TRUE
"My Two Cents","https://www.thisamericanlife.org/radio-archives/episode/236/transcript","04.11.2003",236,TRUE
"Regime Change","https://www.thisamericanlife.org/radio-archives/episode/237/transcript","04.18.2003",237,TRUE
"Lost in Translation","https://www.thisamericanlife.org/radio-archives/episode/238/transcript","05.30.2003",238,TRUE
"Lost in America","https://www.thisamericanlife.org/radio-archives/episode/239/transcript","06.06.2003",239,TRUE
"I&#039;m In Charge Now","https://www.thisamericanlife.org/radio-archives/episode/240/transcript","06.20.2003",240,TRUE
"20 Acts in 60 Minutes","https://www.thisamericanlife.org/radio-archives/episode/241/transcript","07.11.2003",241,TRUE
"Enemy Camp","https://www.thisamericanlife.org/radio-archives/episode/242/transcript","07.18.2003",242,TRUE
"Later That Same Day","https://www.thisamericanlife.org/radio-archives/episode/243/transcript","07.25.2003",243,TRUE
"MacGyver","https://www.thisamericanlife.org/radio-archives/episode/244/transcript","08.15.2003",244,TRUE
"Allure of the Mean Friend","https://www.thisamericanlife.org/radio-archives/episode/245/transcript","09.05.2003",245,TRUE
"My Pen Pal","https://www.thisamericanlife.org/radio-archives/episode/246/transcript","09.12.2003",246,TRUE
"What Is This Thing?","https://www.thisamericanlife.org/radio-archives/episode/247/transcript","09.19.2003",247,TRUE
"Like It or Not","https://www.thisamericanlife.org/radio-archives/episode/248/transcript","10.24.2003",248,TRUE
"Garbage","https://www.thisamericanlife.org/radio-archives/episode/249/transcript","10.31.2003",249,TRUE
"The Annoying Gap Between Theory...and Practice","https://www.thisamericanlife.org/radio-archives/episode/250/transcript","11.07.2003",250,TRUE
"Brother&#039;s Keeper","https://www.thisamericanlife.org/radio-archives/episode/251/transcript","11.21.2003",251,TRUE
"Poultry Slam 2003","https://www.thisamericanlife.org/radio-archives/episode/252/transcript","11.28.2003",252,TRUE
"The Middle of Nowhere","https://www.thisamericanlife.org/radio-archives/episode/253/transcript","12.05.2003",253,TRUE
"Teenage Embed, Part Two","https://www.thisamericanlife.org/radio-archives/episode/254/transcript","12.12.2003",254,TRUE
"This American&#039;s Life&#039;s Holiday Gift-Giving Guide","https://www.thisamericanlife.org/radio-archives/episode/255/transcript","12.19.2003",255,TRUE
"Living Without","https://www.thisamericanlife.org/radio-archives/episode/256/transcript","01.09.2004",256,TRUE
"What I Should&#039;ve Said","https://www.thisamericanlife.org/radio-archives/episode/257/transcript","01.16.2004",257,TRUE
"Leaving the Fold","https://www.thisamericanlife.org/radio-archives/episode/258/transcript","01.30.2004",258,TRUE
"Promised Land","https://www.thisamericanlife.org/radio-archives/episode/259/transcript","02.20.2004",259,TRUE
"The Facts Don&#039;t Matter","https://www.thisamericanlife.org/radio-archives/episode/260/transcript","03.12.2004",260,TRUE
"The Sanctity of Marriage","https://www.thisamericanlife.org/radio-archives/episode/261/transcript","03.26.2004",261,TRUE
"Miracle Cures","https://www.thisamericanlife.org/radio-archives/episode/262/transcript","04.02.2004",262,TRUE
"Desperate Measures","https://www.thisamericanlife.org/radio-archives/episode/263/transcript","04.16.2004",263,TRUE
"Special Treatment","https://www.thisamericanlife.org/radio-archives/episode/264/transcript","05.07.2004",264,TRUE
"Fake Science","https://www.thisamericanlife.org/radio-archives/episode/265/transcript","05.21.2004",265,TRUE
"I&#039;m From the Private Sector and I&#039;m Here to Help","https://www.thisamericanlife.org/radio-archives/episode/266/transcript","06.04.2004",266,TRUE
"Propriety","https://www.thisamericanlife.org/radio-archives/episode/267/transcript","06.11.2004",267,TRUE
"My Experimental Phase","https://www.thisamericanlife.org/radio-archives/episode/268/transcript","06.25.2004",268,TRUE
"Someone to Watch Over Me","https://www.thisamericanlife.org/radio-archives/episode/269/transcript","07.16.2004",269,TRUE
"Family Legend","https://www.thisamericanlife.org/radio-archives/episode/270/transcript","08.06.2004",270,TRUE
"Best Interests","https://www.thisamericanlife.org/radio-archives/episode/271/transcript","08.20.2004",271,TRUE
"Big Tent","https://www.thisamericanlife.org/radio-archives/episode/272/transcript","09.10.2004",272,TRUE
"Put Your Heart In It","https://www.thisamericanlife.org/radio-archives/episode/273/transcript","09.24.2004",273,TRUE
"Enemy Camp &#039;04","https://www.thisamericanlife.org/radio-archives/episode/274/transcript","10.08.2004",274,TRUE
"Two Steps Back","https://www.thisamericanlife.org/radio-archives/episode/275/transcript","10.15.2004",275,TRUE
"Swing Set","https://www.thisamericanlife.org/radio-archives/episode/276/transcript","10.29.2004",276,TRUE
"Apology","https://www.thisamericanlife.org/radio-archives/episode/277/transcript","11.05.2004",277,TRUE
"Spies Like Us","https://www.thisamericanlife.org/radio-archives/episode/278/transcript","11.19.2004",278,TRUE
"Auto Show","https://www.thisamericanlife.org/radio-archives/episode/279/transcript","12.10.2004",279,TRUE
"In Country","https://www.thisamericanlife.org/radio-archives/episode/280/transcript","01.07.2005",280,TRUE
"My Big Break","https://www.thisamericanlife.org/radio-archives/episode/281/transcript","01.21.2005",281,TRUE
"DIY","https://www.thisamericanlife.org/radio-archives/episode/282/transcript","02.11.2005",282,TRUE
"Remember Me","https://www.thisamericanlife.org/radio-archives/episode/283/transcript","02.25.2005",283,TRUE
"Should I Stay or Should I Go?","https://www.thisamericanlife.org/radio-archives/episode/284/transcript","03.11.2005",284,TRUE
"Know Your Enemy","https://www.thisamericanlife.org/radio-archives/episode/285/transcript","03.25.2005",285,TRUE
"Mind Games","https://www.thisamericanlife.org/radio-archives/episode/286/transcript","04.08.2005",286,TRUE
"Backed Into A Corner","https://www.thisamericanlife.org/radio-archives/episode/287/transcript","04.15.2005",287,TRUE
"Not What I Meant","https://www.thisamericanlife.org/radio-archives/episode/288/transcript","05.06.2005",288,TRUE
"Go Ask Your Father","https://www.thisamericanlife.org/radio-archives/episode/289/transcript","05.13.2005",289,TRUE
"Godless America","https://www.thisamericanlife.org/radio-archives/episode/290/transcript","06.03.2005",290,TRUE
"Reunited (And It Feels So Good)","https://www.thisamericanlife.org/radio-archives/episode/291/transcript","07.01.2005",291,TRUE
"The Arms Trader","https://www.thisamericanlife.org/radio-archives/episode/292/transcript","07.08.2005",292,TRUE
"A Little Bit of Knowledge","https://www.thisamericanlife.org/radio-archives/episode/293/transcript","07.22.2005",293,TRUE
"Image Makers","https://www.thisamericanlife.org/radio-archives/episode/294/transcript","08.05.2005",294,TRUE
"Not What I Signed Up For","https://www.thisamericanlife.org/radio-archives/episode/295/transcript","08.26.2005",295,TRUE
"After the Flood","https://www.thisamericanlife.org/radio-archives/episode/296/transcript","09.09.2005",296,TRUE
"This Is Not My Beautiful House","https://www.thisamericanlife.org/radio-archives/episode/297/transcript","09.16.2005",297,TRUE
"Getting and Spending","https://www.thisamericanlife.org/radio-archives/episode/298/transcript","09.23.2005",298,TRUE
"Back from the Dead","https://www.thisamericanlife.org/radio-archives/episode/299/transcript","10.07.2005",299,TRUE
"What&#039;s In A Number?","https://www.thisamericanlife.org/radio-archives/episode/300/transcript","10.28.2005",300,TRUE
"Settling the Score","https://www.thisamericanlife.org/radio-archives/episode/301/transcript","11.11.2005",301,TRUE
"Strangers in a Strange Land","https://www.thisamericanlife.org/radio-archives/episode/302/transcript","11.18.2005",302,TRUE
"David and Goliath","https://www.thisamericanlife.org/radio-archives/episode/303/transcript","12.02.2005",303,TRUE
"Heretics","https://www.thisamericanlife.org/radio-archives/episode/304/transcript","12.16.2005",304,TRUE
"The This American Life Holiday Spectacular","https://www.thisamericanlife.org/radio-archives/episode/305/transcript","12.23.2005",305,TRUE
"Seemed Like A Good Idea at the Time","https://www.thisamericanlife.org/radio-archives/episode/306/transcript","01.13.2006",306,TRUE
"In the Shadow of the City","https://www.thisamericanlife.org/radio-archives/episode/307/transcript","02.03.2006",307,TRUE
"Star-Crossed Love","https://www.thisamericanlife.org/radio-archives/episode/308/transcript","02.10.2006",308,TRUE
"Cat and Mouse","https://www.thisamericanlife.org/radio-archives/episode/309/transcript","02.24.2006",309,TRUE
"Habeas Schmabeas","https://www.thisamericanlife.org/radio-archives/episode/310/transcript","03.10.2006",310,TRUE
"A Better Mousetrap","https://www.thisamericanlife.org/radio-archives/episode/311/transcript","04.14.2006",311,TRUE
"How We Talked Back Then","https://www.thisamericanlife.org/radio-archives/episode/312/transcript","05.12.2006",312,TRUE
"Parental Guidance Suggested","https://www.thisamericanlife.org/radio-archives/episode/313/transcript","05.19.2006",313,TRUE
"It&#039;s Never Over","https://www.thisamericanlife.org/radio-archives/episode/314/transcript","06.23.2006",314,TRUE
"The Parrot and the Potbellied Pig","https://www.thisamericanlife.org/radio-archives/episode/315/transcript","07.21.2006",315,TRUE
"The Cat Came Back","https://www.thisamericanlife.org/radio-archives/episode/316/transcript","08.18.2006",316,TRUE
"Unconditional Love","https://www.thisamericanlife.org/radio-archives/episode/317/transcript","09.15.2006",317,TRUE
"With Great Power","https://www.thisamericanlife.org/radio-archives/episode/318/transcript","10.06.2006",318,TRUE
"And the Call Was Coming from the Basement","https://www.thisamericanlife.org/radio-archives/episode/319/transcript","10.27.2006",319,TRUE
"What&#039;s In A Number? — 2006 Edition","https://www.thisamericanlife.org/radio-archives/episode/320/transcript","11.03.2006",320,TRUE
"Sink or Swim","https://www.thisamericanlife.org/radio-archives/episode/321/transcript","12.01.2006",321,TRUE
"Shouting Across the Divide","https://www.thisamericanlife.org/radio-archives/episode/322/transcript","12.15.2006",322,TRUE
"The Super","https://www.thisamericanlife.org/radio-archives/episode/323/transcript","01.05.2007",323,TRUE
"My Brilliant Plan","https://www.thisamericanlife.org/radio-archives/episode/324/transcript","01.26.2007",324,TRUE
"Houses of Ill Repute","https://www.thisamericanlife.org/radio-archives/episode/325/transcript","02.02.2007",325,TRUE
"Quiz Show","https://www.thisamericanlife.org/radio-archives/episode/326/transcript","02.16.2007",326,TRUE
"By Proxy","https://www.thisamericanlife.org/radio-archives/episode/327/transcript","03.09.2007",327,TRUE
"What I Learned from Television","https://www.thisamericanlife.org/radio-archives/episode/328/transcript","03.16.2007",328,TRUE
"Nice Work If You Can Get It","https://www.thisamericanlife.org/radio-archives/episode/329/transcript","04.06.2007",329,TRUE
"My Reputation","https://www.thisamericanlife.org/radio-archives/episode/330/transcript","04.13.2007",330,TRUE
"Habeas Schmabeas 2007","https://www.thisamericanlife.org/radio-archives/episode/331/transcript","04.27.2007",331,TRUE
"The Ten Commandments","https://www.thisamericanlife.org/radio-archives/episode/332/transcript","05.04.2007",332,TRUE
"The Center for Lessons Learned","https://www.thisamericanlife.org/radio-archives/episode/333/transcript","05.25.2007",333,TRUE
"Duty Calls","https://www.thisamericanlife.org/radio-archives/episode/334/transcript","06.01.2007",334,TRUE
"Big Wide World","https://www.thisamericanlife.org/radio-archives/episode/335/transcript","06.15.2007",335,TRUE
"Who Can You Save?","https://www.thisamericanlife.org/radio-archives/episode/336/transcript","07.06.2007",336,TRUE
"Man vs. History","https://www.thisamericanlife.org/radio-archives/episode/337/transcript","07.27.2007",337,TRUE
"The Spokesman","https://www.thisamericanlife.org/radio-archives/episode/338/transcript","08.10.2007",338,TRUE
"Break-Up","https://www.thisamericanlife.org/radio-archives/episode/339/transcript","08.24.2007",339,TRUE
"The Devil in Me","https://www.thisamericanlife.org/radio-archives/episode/340/transcript","09.07.2007",340,TRUE
"How to Talk to Kids","https://www.thisamericanlife.org/radio-archives/episode/341/transcript","10.05.2007",341,TRUE
"How to Rest in Peace","https://www.thisamericanlife.org/radio-archives/episode/342/transcript","11.02.2007",342,TRUE
"Poultry Slam 2007","https://www.thisamericanlife.org/radio-archives/episode/343/transcript","11.23.2007",343,TRUE
"The Competition","https://www.thisamericanlife.org/radio-archives/episode/344/transcript","11.30.2007",344,TRUE
"Ties That Bind","https://www.thisamericanlife.org/radio-archives/episode/345/transcript","12.14.2007",345,TRUE
"Home Alone","https://www.thisamericanlife.org/radio-archives/episode/346/transcript","12.21.2007",346,TRUE
"Matchmakers","https://www.thisamericanlife.org/radio-archives/episode/347/transcript","01.18.2008",347,TRUE
"Tough Room","https://www.thisamericanlife.org/radio-archives/episode/348/transcript","02.08.2008",348,TRUE
"Valentine&#039;s Day 2008","https://www.thisamericanlife.org/radio-archives/episode/349/transcript","02.15.2008",349,TRUE
"Human Resources","https://www.thisamericanlife.org/radio-archives/episode/350/transcript","02.29.2008",350,TRUE
"Return to Childhood 2008","https://www.thisamericanlife.org/radio-archives/episode/351/transcript","03.07.2008",351,TRUE
"The Ghost of Bobby Dunbar","https://www.thisamericanlife.org/radio-archives/episode/352/transcript","12.31.1969",352,TRUE
"The Audacity of Government","https://www.thisamericanlife.org/radio-archives/episode/353/transcript","03.28.2008",353,TRUE
"Mistakes Were Made","https://www.thisamericanlife.org/radio-archives/episode/354/transcript","04.18.2008",354,TRUE
"The Giant Pool of Money","https://www.thisamericanlife.org/radio-archives/episode/355/transcript","05.09.2008",355,TRUE
"The Prosecutor","https://www.thisamericanlife.org/radio-archives/episode/356/transcript","05.30.2008",356,TRUE
"The Truth Will Out","https://www.thisamericanlife.org/radio-archives/episode/357/transcript","06.13.2008",357,TRUE
"Social Engineering","https://www.thisamericanlife.org/radio-archives/episode/358/transcript","06.27.2008",358,TRUE
"Life After Death","https://www.thisamericanlife.org/radio-archives/episode/359/transcript","07.18.2008",359,TRUE
"Switched At Birth","https://www.thisamericanlife.org/radio-archives/episode/360/transcript","07.25.2008",360,TRUE
"Fear of Sleep","https://www.thisamericanlife.org/radio-archives/episode/361/transcript","08.08.2008",361,TRUE
"Got You Pegged","https://www.thisamericanlife.org/radio-archives/episode/362/transcript","08.22.2008",362,TRUE
"Enforcers","https://www.thisamericanlife.org/radio-archives/episode/363/transcript","09.12.2008",363,TRUE
"Going Big","https://www.thisamericanlife.org/radio-archives/episode/364/transcript","09.26.2008",364,TRUE
"Another Frightening Show About the Economy","https://www.thisamericanlife.org/radio-archives/episode/365/transcript","10.03.2008",365,TRUE
"A Better Mousetrap 2008","https://www.thisamericanlife.org/radio-archives/episode/366/transcript","10.10.2008",366,TRUE
"Ground Game","https://www.thisamericanlife.org/radio-archives/episode/367/transcript","10.24.2008",367,TRUE
"Who Do You Think You Are?","https://www.thisamericanlife.org/radio-archives/episode/368/transcript","11.07.2008",368,TRUE
"Poultry Slam 2008","https://www.thisamericanlife.org/radio-archives/episode/369/transcript","11.28.2008",369,TRUE
"Ruining It for the Rest of Us","https://www.thisamericanlife.org/radio-archives/episode/370/transcript","12.19.2008",370,TRUE
"Scenes From a Mall","https://www.thisamericanlife.org/radio-archives/episode/371/transcript","12.26.2008",371,TRUE
"The Inauguration Show","https://www.thisamericanlife.org/radio-archives/episode/372/transcript","01.16.2009",372,TRUE
"The New Boss","https://www.thisamericanlife.org/radio-archives/episode/373/transcript","01.30.2009",373,TRUE
NA,"https://www.thisamericanlife.org/radio-archives/episode/374/transcript",NA,374,FALSE
"Bad Bank","https://www.thisamericanlife.org/radio-archives/episode/375/transcript","02.27.2009",375,TRUE
"Wrong Side of History","https://www.thisamericanlife.org/radio-archives/episode/376/transcript","03.13.2009",376,TRUE
"Scenes From a Recession","https://www.thisamericanlife.org/radio-archives/episode/377/transcript","03.27.2009",377,TRUE
"This I Used to Believe","https://www.thisamericanlife.org/radio-archives/episode/378/transcript","04.17.2009",378,TRUE
"Return To The Scene Of The Crime","https://www.thisamericanlife.org/radio-archives/episode/379/transcript","05.01.2009",379,TRUE
"No Map","https://www.thisamericanlife.org/radio-archives/episode/380/transcript","05.15.2009",380,TRUE
"Turncoat","https://www.thisamericanlife.org/radio-archives/episode/381/transcript","05.22.2009",381,TRUE
"The Watchmen","https://www.thisamericanlife.org/radio-archives/episode/382/transcript","06.05.2009",382,TRUE
"Origin Story","https://www.thisamericanlife.org/radio-archives/episode/383/transcript","06.19.2009",383,TRUE
"Fall Guy","https://www.thisamericanlife.org/radio-archives/episode/384/transcript","06.26.2009",384,TRUE
"Pro Se","https://www.thisamericanlife.org/radio-archives/episode/385/transcript","07.10.2009",385,TRUE
"Fine Print","https://www.thisamericanlife.org/radio-archives/episode/386/transcript","07.24.2009",386,TRUE
"Arms Trader 2009","https://www.thisamericanlife.org/radio-archives/episode/387/transcript","08.07.2009",387,TRUE
"Rest Stop","https://www.thisamericanlife.org/radio-archives/episode/388/transcript","09.04.2009",388,TRUE
"Frenemies","https://www.thisamericanlife.org/radio-archives/episode/389/transcript","09.11.2009",389,TRUE
"Return To The Giant Pool of Money","https://www.thisamericanlife.org/radio-archives/episode/390/transcript","09.25.2009",390,TRUE
"More Is Less","https://www.thisamericanlife.org/radio-archives/episode/391/transcript","10.09.2009",391,TRUE
"Someone Else&#039;s Money","https://www.thisamericanlife.org/radio-archives/episode/392/transcript","10.16.2009",392,TRUE
"Infidelity","https://www.thisamericanlife.org/radio-archives/episode/393/transcript","10.30.2009",393,TRUE
"Bait and Switch","https://www.thisamericanlife.org/radio-archives/episode/394/transcript","11.06.2009",394,TRUE
"Middle of the Night","https://www.thisamericanlife.org/radio-archives/episode/395/transcript","11.27.2009",395,TRUE
"#1 Party School","https://www.thisamericanlife.org/radio-archives/episode/396/transcript","12.18.2009",396,TRUE
"2010","https://www.thisamericanlife.org/radio-archives/episode/397/transcript","01.01.2010",397,TRUE
"Long Shot","https://www.thisamericanlife.org/radio-archives/episode/398/transcript","01.08.2010",398,TRUE
"Contents Unknown","https://www.thisamericanlife.org/radio-archives/episode/399/transcript","01.22.2010",399,TRUE
"Stories Pitched by Our Parents","https://www.thisamericanlife.org/radio-archives/episode/400/transcript","02.12.2010",400,TRUE
"Parent Trap","https://www.thisamericanlife.org/radio-archives/episode/401/transcript","02.19.2010",401,TRUE
"Save the Day","https://www.thisamericanlife.org/radio-archives/episode/402/transcript","03.12.2010",402,TRUE
"NUMMI","https://www.thisamericanlife.org/radio-archives/episode/403/transcript","03.26.2010",403,TRUE
"Enemy Camp 2010","https://www.thisamericanlife.org/radio-archives/episode/404/transcript","04.02.2010",404,TRUE
"Inside Job","https://www.thisamericanlife.org/radio-archives/episode/405/transcript","04.09.2010",405,TRUE
"True Urban Legends ","https://www.thisamericanlife.org/radio-archives/episode/406/transcript","04.23.2010",406,TRUE
"The Bridge","https://www.thisamericanlife.org/radio-archives/episode/407/transcript","05.07.2010",407,TRUE
"Island Time ","https://www.thisamericanlife.org/radio-archives/episode/408/transcript","05.21.2010",408,TRUE
"Held Hostage","https://www.thisamericanlife.org/radio-archives/episode/409/transcript","06.04.2010",409,TRUE
"Social Contract","https://www.thisamericanlife.org/radio-archives/episode/410/transcript","06.18.2010",410,TRUE
"First Contact","https://www.thisamericanlife.org/radio-archives/episode/411/transcript","06.25.2010",411,TRUE
"Million Dollar Idea","https://www.thisamericanlife.org/radio-archives/episode/412/transcript","07.16.2010",412,TRUE
"Georgia Rambler","https://www.thisamericanlife.org/radio-archives/episode/413/transcript","07.30.2010",413,TRUE
"Right to Remain Silent","https://www.thisamericanlife.org/radio-archives/episode/414/transcript","09.10.2010",414,TRUE
"Crybabies","https://www.thisamericanlife.org/radio-archives/episode/415/transcript","09.24.2010",415,TRUE
"Iraq After Us","https://www.thisamericanlife.org/radio-archives/episode/416/transcript","10.15.2010",416,TRUE
"This Party Sucks","https://www.thisamericanlife.org/radio-archives/episode/417/transcript","10.29.2010",417,TRUE
"Toxie","https://www.thisamericanlife.org/radio-archives/episode/418/transcript","11.05.2010",418,TRUE
"Petty Tyrant","https://www.thisamericanlife.org/radio-archives/episode/419/transcript","11.12.2010",419,TRUE
"Neighborhood Watch","https://www.thisamericanlife.org/radio-archives/episode/420/transcript","11.19.2010",420,TRUE
"Last Man Standing","https://www.thisamericanlife.org/radio-archives/episode/421/transcript","12.03.2010",421,TRUE
"Comedians of Christmas Comedy Special","https://www.thisamericanlife.org/radio-archives/episode/422/transcript","12.17.2010",422,TRUE
"The Invention of Money","https://www.thisamericanlife.org/radio-archives/episode/423/transcript","01.07.2011",423,TRUE
"Kid Politics","https://www.thisamericanlife.org/radio-archives/episode/424/transcript","01.14.2011",424,TRUE
"Slow To React","https://www.thisamericanlife.org/radio-archives/episode/425/transcript","01.21.2011",425,TRUE
"Tough Room 2011","https://www.thisamericanlife.org/radio-archives/episode/426/transcript","02.04.2011",426,TRUE
"Original Recipe","https://www.thisamericanlife.org/radio-archives/episode/427/transcript","02.11.2011",427,TRUE
"Oh You Shouldn&#039;t Have","https://www.thisamericanlife.org/radio-archives/episode/428/transcript","03.04.2011",428,TRUE
"Will They Know Me Back Home?","https://www.thisamericanlife.org/radio-archives/episode/429/transcript","03.11.2011",429,TRUE
"Very Tough Love","https://www.thisamericanlife.org/radio-archives/episode/430/transcript","03.25.2011",430,TRUE
"See No Evil","https://www.thisamericanlife.org/radio-archives/episode/431/transcript","04.01.2011",431,TRUE
"Know When To Fold &#039;Em","https://www.thisamericanlife.org/radio-archives/episode/432/transcript","04.08.2011",432,TRUE
"Fine Print 2011","https://www.thisamericanlife.org/radio-archives/episode/433/transcript","04.15.2011",433,TRUE
"This Week","https://www.thisamericanlife.org/radio-archives/episode/434/transcript","05.06.2011",434,TRUE
"How To Create a Job","https://www.thisamericanlife.org/radio-archives/episode/435/transcript","05.13.2011",435,TRUE
"The Psychopath Test","https://www.thisamericanlife.org/radio-archives/episode/436/transcript","05.27.2011",436,TRUE
"Old Boys Network","https://www.thisamericanlife.org/radio-archives/episode/437/transcript","06.03.2011",437,TRUE
"Father&#039;s Day 2011","https://www.thisamericanlife.org/radio-archives/episode/438/transcript","06.17.2011",438,TRUE
"A House Divided","https://www.thisamericanlife.org/radio-archives/episode/439/transcript","06.24.2011",439,TRUE
"Game Changer","https://www.thisamericanlife.org/radio-archives/episode/440/transcript","07.08.2011",440,TRUE
"When Patents Attack!","https://www.thisamericanlife.org/radio-archives/episode/441/transcript","07.22.2011",441,TRUE
"Thugs","https://www.thisamericanlife.org/radio-archives/episode/442/transcript","07.29.2011",442,TRUE
"Amusement Park","https://www.thisamericanlife.org/radio-archives/episode/443/transcript","08.12.2011",443,TRUE
"Gossip","https://www.thisamericanlife.org/radio-archives/episode/444/transcript","08.26.2011",444,TRUE
"Ten Years In","https://www.thisamericanlife.org/radio-archives/episode/445/transcript","09.09.2011",445,TRUE
"Living Without (2011)","https://www.thisamericanlife.org/radio-archives/episode/446/transcript","09.16.2011",446,TRUE
"The Incredible Case of the P.I. Moms","https://www.thisamericanlife.org/radio-archives/episode/447/transcript","09.23.2011",447,TRUE
"Adventure!","https://www.thisamericanlife.org/radio-archives/episode/448/transcript","10.07.2011",448,TRUE
"Middle School","https://www.thisamericanlife.org/radio-archives/episode/449/transcript","10.28.2011",449,TRUE
"So Crazy It Just Might Work","https://www.thisamericanlife.org/radio-archives/episode/450/transcript","11.11.2011",450,TRUE
"Back to Penn State","https://www.thisamericanlife.org/radio-archives/episode/451/transcript","11.18.2011",451,TRUE
"Poultry Slam 2011","https://www.thisamericanlife.org/radio-archives/episode/452/transcript","12.02.2011",452,TRUE
"Nemeses","https://www.thisamericanlife.org/radio-archives/episode/453/transcript","12.16.2011",453,TRUE
"Mr. Daisey and the Apple Factory","https://www.thisamericanlife.org/radio-archives/episode/454/transcript","01.06.2012",454,TRUE
"Continental Breakup","https://www.thisamericanlife.org/radio-archives/episode/455/transcript","01.20.2012",455,TRUE
"Reap What You Sow","https://www.thisamericanlife.org/radio-archives/episode/456/transcript","01.27.2012",456,TRUE
"What I Did For Love","https://www.thisamericanlife.org/radio-archives/episode/457/transcript","02.10.2012",457,TRUE
"Play the Part","https://www.thisamericanlife.org/radio-archives/episode/458/transcript","02.17.2012",458,TRUE
"What Kind of Country","https://www.thisamericanlife.org/radio-archives/episode/459/transcript","03.02.2012",459,TRUE
"Retraction","https://www.thisamericanlife.org/radio-archives/episode/460/transcript","03.16.2012",460,TRUE
"Take the Money and Run for Office","https://www.thisamericanlife.org/radio-archives/episode/461/transcript","03.30.2012",461,TRUE
"Own Worst Enemy","https://www.thisamericanlife.org/radio-archives/episode/462/transcript","04.13.2012",462,TRUE
"Mortal Vs. Venial","https://www.thisamericanlife.org/radio-archives/episode/463/transcript","04.27.2012",463,TRUE
"Invisible Made Visible","https://www.thisamericanlife.org/radio-archives/episode/464/transcript","05.18.2012",464,TRUE
"What Happened At Dos Erres","https://www.thisamericanlife.org/radio-archives/episode/465/transcript","05.25.2012",465,TRUE
"Blackjack","https://www.thisamericanlife.org/radio-archives/episode/466/transcript","06.08.2012",466,TRUE
"Americans in China","https://www.thisamericanlife.org/radio-archives/episode/467/transcript","06.22.2012",467,TRUE
"Switcheroo","https://www.thisamericanlife.org/radio-archives/episode/468/transcript","06.29.2012",468,TRUE
"Hiding in Plain Sight","https://www.thisamericanlife.org/radio-archives/episode/469/transcript","07.13.2012",469,TRUE
"Show Me the Way","https://www.thisamericanlife.org/radio-archives/episode/470/transcript","07.27.2012",470,TRUE
"The Convert","https://www.thisamericanlife.org/radio-archives/episode/471/transcript","08.10.2012",471,TRUE
"Our Friend David","https://www.thisamericanlife.org/radio-archives/episode/472/transcript","08.17.2012",472,TRUE
"Loopholes","https://www.thisamericanlife.org/radio-archives/episode/473/transcript","08.24.2012",473,TRUE
"Back to School","https://www.thisamericanlife.org/radio-archives/episode/474/transcript","09.14.2012",474,TRUE
"Send a Message","https://www.thisamericanlife.org/radio-archives/episode/475/transcript","09.28.2012",475,TRUE
"What Doesn’t Kill You","https://www.thisamericanlife.org/radio-archives/episode/476/transcript","10.05.2012",476,TRUE
"Getting Away With It","https://www.thisamericanlife.org/radio-archives/episode/477/transcript","10.19.2012",477,TRUE
"Red State Blue State","https://www.thisamericanlife.org/radio-archives/episode/478/transcript","11.02.2012",478,TRUE
"Little War on the Prairie","https://www.thisamericanlife.org/radio-archives/episode/479/transcript","11.23.2012",479,TRUE
"Animal Sacrifice","https://www.thisamericanlife.org/radio-archives/episode/480/transcript","11.30.2012",480,TRUE
"This Week","https://www.thisamericanlife.org/radio-archives/episode/481/transcript","12.07.2012",481,TRUE
"Lights, Camera, Christmas!","https://www.thisamericanlife.org/radio-archives/episode/482/transcript","12.21.2012",482,TRUE
"Self-Improvement Kick ","https://www.thisamericanlife.org/radio-archives/episode/483/transcript","01.04.2013",483,TRUE
"Doppelgängers","https://www.thisamericanlife.org/radio-archives/episode/484/transcript","01.11.2013",484,TRUE
"Surrogates","https://www.thisamericanlife.org/radio-archives/episode/485/transcript","01.25.2013",485,TRUE
"Valentine’s Day","https://www.thisamericanlife.org/radio-archives/episode/486/transcript","02.08.2013",486,TRUE
"Harper High School, Part One","https://www.thisamericanlife.org/radio-archives/episode/487/transcript","02.15.2013",487,TRUE
"Harper High School, Part Two","https://www.thisamericanlife.org/radio-archives/episode/488/transcript","02.22.2013",488,TRUE
"No Coincidence, No Story!","https://www.thisamericanlife.org/radio-archives/episode/489/transcript","03.01.2013",489,TRUE
"Trends With Benefits","https://www.thisamericanlife.org/radio-archives/episode/490/transcript","03.22.2013",490,TRUE
"Tribes","https://www.thisamericanlife.org/radio-archives/episode/491/transcript","03.29.2013",491,TRUE
"Dr. Gilmer and Mr. Hyde","https://www.thisamericanlife.org/radio-archives/episode/492/transcript","04.12.2013",492,TRUE
"Picture Show","https://www.thisamericanlife.org/radio-archives/episode/493/transcript","04.19.2013",493,TRUE
"Hit the Road","https://www.thisamericanlife.org/radio-archives/episode/494/transcript","05.03.2013",494,TRUE
"Hot In My Backyard","https://www.thisamericanlife.org/radio-archives/episode/495/transcript","05.17.2013",495,TRUE
"When Patents Attack... Part Two!","https://www.thisamericanlife.org/radio-archives/episode/496/transcript","05.31.2013",496,TRUE
"This Week","https://www.thisamericanlife.org/radio-archives/episode/497/transcript","06.14.2013",497,TRUE
"The One Thing You&#039;re Not Supposed To Do","https://www.thisamericanlife.org/radio-archives/episode/498/transcript","06.21.2013",498,TRUE
"Taking Names","https://www.thisamericanlife.org/radio-archives/episode/499/transcript","06.28.2013",499,TRUE
"500!","https://www.thisamericanlife.org/radio-archives/episode/500/transcript","07.12.2013",500,TRUE
"The View From In Here","https://www.thisamericanlife.org/radio-archives/episode/501/transcript","07.26.2013",501,TRUE
"This Call May Be Recorded... To Save Your Life","https://www.thisamericanlife.org/radio-archives/episode/502/transcript","08.09.2013",502,TRUE
"I Was Just Trying To Help","https://www.thisamericanlife.org/radio-archives/episode/503/transcript","08.16.2013",503,TRUE
"How I Got Into College","https://www.thisamericanlife.org/radio-archives/episode/504/transcript","09.06.2013",504,TRUE
"Use Only as Directed","https://www.thisamericanlife.org/radio-archives/episode/505/transcript","09.20.2013",505,TRUE
"Secret Identity","https://www.thisamericanlife.org/radio-archives/episode/506/transcript","10.04.2013",506,TRUE
"Confessions","https://www.thisamericanlife.org/radio-archives/episode/507/transcript","10.11.2013",507,TRUE
"Superpowers 2013","https://www.thisamericanlife.org/radio-archives/episode/508/transcript","10.18.2013",508,TRUE
"It Says So Right Here","https://www.thisamericanlife.org/radio-archives/episode/509/transcript","10.25.2013",509,TRUE
"Fiasco!","https://www.thisamericanlife.org/radio-archives/episode/510/transcript","11.01.2013",510,TRUE
"The Seven Things You’re Not Supposed to Talk About","https://www.thisamericanlife.org/radio-archives/episode/511/transcript","11.08.2013",511,TRUE
"House Rules","https://www.thisamericanlife.org/radio-archives/episode/512/transcript","11.22.2013",512,TRUE
"129 Cars","https://www.thisamericanlife.org/radio-archives/episode/513/transcript","12.13.2013",513,TRUE
"Thought That Counts","https://www.thisamericanlife.org/radio-archives/episode/514/transcript","12.20.2013",514,TRUE
"Good Guys","https://www.thisamericanlife.org/radio-archives/episode/515/transcript","01.10.2014",515,TRUE
"Stuck In The Middle","https://www.thisamericanlife.org/radio-archives/episode/516/transcript","01.17.2014",516,TRUE
"Day At The Beach","https://www.thisamericanlife.org/radio-archives/episode/517/transcript","01.31.2014",517,TRUE
"Except For That One Thing","https://www.thisamericanlife.org/radio-archives/episode/518/transcript","02.14.2014",518,TRUE
"Dead Men Tell No Tales","https://www.thisamericanlife.org/radio-archives/episode/519/transcript","03.07.2014",519,TRUE
"No Place Like Home","https://www.thisamericanlife.org/radio-archives/episode/520/transcript","03.14.2014",520,TRUE
"Bad Baby","https://www.thisamericanlife.org/radio-archives/episode/521/transcript","03.28.2014",521,TRUE
"Tarred and Feathered","https://www.thisamericanlife.org/radio-archives/episode/522/transcript","04.11.2014",522,TRUE
"Death and Taxes","https://www.thisamericanlife.org/radio-archives/episode/523/transcript","04.25.2014",523,TRUE
"I Was So High","https://www.thisamericanlife.org/radio-archives/episode/524/transcript","05.02.2014",524,TRUE
"Call For Help","https://www.thisamericanlife.org/radio-archives/episode/525/transcript","05.09.2014",525,TRUE
"Is That What I Look Like?","https://www.thisamericanlife.org/radio-archives/episode/526/transcript","05.23.2014",526,TRUE
"180 Degrees","https://www.thisamericanlife.org/radio-archives/episode/527/transcript","06.13.2014",527,TRUE
"The Radio Drama Episode ","https://www.thisamericanlife.org/radio-archives/episode/528/transcript","06.20.2014",528,TRUE
"Human Spectacle","https://www.thisamericanlife.org/radio-archives/episode/529/transcript","06.27.2014",529,TRUE
"Mind Your Own Business","https://www.thisamericanlife.org/radio-archives/episode/530/transcript","07.18.2014",530,TRUE
"Got Your Back","https://www.thisamericanlife.org/radio-archives/episode/531/transcript","07.25.2014",531,TRUE
"Magic Words","https://www.thisamericanlife.org/radio-archives/episode/532/transcript","08.15.2014",532,TRUE
"It&#039;s Not the Product, It&#039;s the Person","https://www.thisamericanlife.org/radio-archives/episode/533/transcript","09.05.2014",533,TRUE
"A Not-So-Simple Majority","https://www.thisamericanlife.org/radio-archives/episode/534/transcript","09.12.2014",534,TRUE
"Origin Story 2014","https://www.thisamericanlife.org/radio-archives/episode/535/transcript","09.19.2014",535,TRUE
"The Secret Recordings of Carmen Segarra","https://www.thisamericanlife.org/radio-archives/episode/536/transcript","09.26.2014",536,TRUE
"The Alibi","https://www.thisamericanlife.org/radio-archives/episode/537/transcript","10.03.2014",537,TRUE
"Is This Working?","https://www.thisamericanlife.org/radio-archives/episode/538/transcript","10.17.2014",538,TRUE
"The Leap","https://www.thisamericanlife.org/radio-archives/episode/539/transcript","11.07.2014",539,TRUE
"A Front","https://www.thisamericanlife.org/radio-archives/episode/540/transcript","11.21.2014",540,TRUE
"Regrets, I&#039;ve Had a Few","https://www.thisamericanlife.org/radio-archives/episode/541/transcript","12.05.2014",541,TRUE
"Wait - Do You Have The Map?","https://www.thisamericanlife.org/radio-archives/episode/542/transcript","12.12.2014",542,TRUE
"Wake Up Now","https://www.thisamericanlife.org/radio-archives/episode/543/transcript","12.26.2014",543,TRUE
"Batman","https://www.thisamericanlife.org/radio-archives/episode/544/transcript","01.09.2015",544,TRUE
"If You Don’t Have Anything Nice to Say, SAY IT IN ALL CAPS","https://www.thisamericanlife.org/radio-archives/episode/545/transcript","01.23.2015",545,TRUE
"Burroughs 101","https://www.thisamericanlife.org/radio-archives/episode/546/transcript","01.30.2015",546,TRUE
"Cops See It Differently, Part One","https://www.thisamericanlife.org/radio-archives/episode/547/transcript","02.06.2015",547,TRUE
"Cops See It Differently, Part Two","https://www.thisamericanlife.org/radio-archives/episode/548/transcript","02.13.2015",548,TRUE
"Amateur Hour","https://www.thisamericanlife.org/radio-archives/episode/549/transcript","02.27.2015",549,TRUE
"Three Miles","https://www.thisamericanlife.org/radio-archives/episode/550/transcript","03.13.2015",550,TRUE
"Good Guys 2015","https://www.thisamericanlife.org/radio-archives/episode/551/transcript","03.20.2015",551,TRUE
"Need To Know Basis","https://www.thisamericanlife.org/radio-archives/episode/552/transcript","03.27.2015",552,TRUE
"Stuck In The Middle (2015)","https://www.thisamericanlife.org/radio-archives/episode/553/transcript","04.03.2015",553,TRUE
"Not It!","https://www.thisamericanlife.org/radio-archives/episode/554/transcript","04.10.2015",554,TRUE
"The Incredible Rarity of Changing Your Mind","https://www.thisamericanlife.org/radio-archives/episode/555/transcript","04.24.2015",555,TRUE
"Same Bed, Different Dreams","https://www.thisamericanlife.org/radio-archives/episode/556/transcript","05.01.2015",556,TRUE
"Birds &amp; Bees","https://www.thisamericanlife.org/radio-archives/episode/557/transcript","05.15.2015",557,TRUE
"Game Face","https://www.thisamericanlife.org/radio-archives/episode/558/transcript","05.29.2015",558,TRUE
"Captain&#039;s Log","https://www.thisamericanlife.org/radio-archives/episode/559/transcript","06.26.2015",559,TRUE
"Abdi and the Golden Ticket","https://www.thisamericanlife.org/radio-archives/episode/560/transcript","07.03.2015",560,TRUE
"NUMMI 2015","https://www.thisamericanlife.org/radio-archives/episode/561/transcript","07.17.2015",561,TRUE
"The Problem We All Live With","https://www.thisamericanlife.org/radio-archives/episode/562/transcript","07.31.2015",562,TRUE
"The Problem We All Live With - Part Two","https://www.thisamericanlife.org/radio-archives/episode/563/transcript","08.07.2015",563,TRUE
"Too Soon?","https://www.thisamericanlife.org/radio-archives/episode/564/transcript","08.14.2015",564,TRUE
"Lower 9 + 10","https://www.thisamericanlife.org/radio-archives/episode/565/transcript","08.28.2015",565,TRUE
"The Land of Make Believe","https://www.thisamericanlife.org/radio-archives/episode/566/transcript","09.11.2015",566,TRUE
"What’s Going On In There?","https://www.thisamericanlife.org/radio-archives/episode/567/transcript","09.18.2015",567,TRUE
"Human Spectacle 2015","https://www.thisamericanlife.org/radio-archives/episode/568/transcript","10.02.2015",568,TRUE
"Put a Bow on It","https://www.thisamericanlife.org/radio-archives/episode/569/transcript","10.09.2015",569,TRUE
"The Night In Question","https://www.thisamericanlife.org/radio-archives/episode/570/transcript","10.16.2015",570,TRUE
"The Heart Wants What It Wants","https://www.thisamericanlife.org/radio-archives/episode/571/transcript","10.30.2015",571,TRUE
"Transformers","https://www.thisamericanlife.org/radio-archives/episode/572/transcript","11.06.2015",572,TRUE
"Status Update","https://www.thisamericanlife.org/radio-archives/episode/573/transcript","11.27.2015",573,TRUE
"Sinatra&#039;s 100th Birthday","https://www.thisamericanlife.org/radio-archives/episode/574/transcript","12.11.2015",574,TRUE
"Poetry of Propaganda","https://www.thisamericanlife.org/radio-archives/episode/575/transcript","12.18.2015",575,TRUE
"Say Yes To Christmas","https://www.thisamericanlife.org/radio-archives/episode/576/transcript","12.25.2015",576,TRUE
"Something Only I Can See","https://www.thisamericanlife.org/radio-archives/episode/577/transcript","01.15.2016",577,TRUE
"I Thought I Knew You","https://www.thisamericanlife.org/radio-archives/episode/578/transcript","01.29.2016",578,TRUE
"My Damn Mind","https://www.thisamericanlife.org/radio-archives/episode/579/transcript","02.12.2016",579,TRUE
"That&#039;s One Way to Do It","https://www.thisamericanlife.org/radio-archives/episode/580/transcript","02.19.2016",580,TRUE
"Anatomy of Doubt ","https://www.thisamericanlife.org/radio-archives/episode/581/transcript","02.26.2016",581,TRUE
"When the Beasts Come Marching In","https://www.thisamericanlife.org/radio-archives/episode/582/transcript","03.11.2016",582,TRUE
"It’ll Make Sense When You’re Older","https://www.thisamericanlife.org/radio-archives/episode/583/transcript","03.25.2016",583,TRUE
"For Your Reconsideration","https://www.thisamericanlife.org/radio-archives/episode/584/transcript","04.08.2016",584,TRUE
"In Defense of Ignorance","https://www.thisamericanlife.org/radio-archives/episode/585/transcript","04.22.2016",585,TRUE
"Who Do We Think We Are?","https://www.thisamericanlife.org/radio-archives/episode/586/transcript","05.06.2016",586,TRUE
"The Perils of Intimacy","https://www.thisamericanlife.org/radio-archives/episode/587/transcript","05.27.2016",587,TRUE
"Mind Games 2016","https://www.thisamericanlife.org/radio-archives/episode/588/transcript","06.03.2016",588,TRUE
"Tell Me I’m Fat","https://www.thisamericanlife.org/radio-archives/episode/589/transcript","06.17.2016",589,TRUE
"Choosing Wrong","https://www.thisamericanlife.org/radio-archives/episode/590/transcript","06.24.2016",590,TRUE
"Get Your Money&#039;s Worth","https://www.thisamericanlife.org/radio-archives/episode/591/transcript","07.15.2016",591,TRUE
"Are We There Yet?","https://www.thisamericanlife.org/radio-archives/episode/592/transcript","07.29.2016",592,TRUE
"Don’t Have to Live Like a Refugee","https://www.thisamericanlife.org/radio-archives/episode/593/transcript","08.05.2016",593,TRUE
"My Summer Self","https://www.thisamericanlife.org/radio-archives/episode/594/transcript","08.12.2016",594,TRUE
"Deep End of the Pool","https://www.thisamericanlife.org/radio-archives/episode/595/transcript","08.26.2016",595,TRUE
"Becoming a Badger","https://www.thisamericanlife.org/radio-archives/episode/596/transcript","09.09.2016",596,TRUE
"One Last Thing Before I Go","https://www.thisamericanlife.org/radio-archives/episode/597/transcript","09.23.2016",597,TRUE
"My Undesirable Talent ","https://www.thisamericanlife.org/radio-archives/episode/598/transcript","10.07.2016",598,TRUE
"Seriously?","https://www.thisamericanlife.org/radio-archives/episode/599/transcript","10.21.2016",599,TRUE
"Will I Know Anyone at This Party? ","https://www.thisamericanlife.org/radio-archives/episode/600/transcript","10.28.2016",600,TRUE
